Voornaam;Achternaam;E-mail;film;starttijd;Ticket
mike;hilhorst;m.hilhors@hotmail.nl;Die goldene Gans;1446129000;418269087
erwin;"de vlieg";iest@iets;"Die goldene Gans";1446129001;418269088
mike;hilhorst;m.hilhors@hotmail.nl;"Die goldene Gans";1446129000;418269087
mike;hilhorst;m.hilhors@hotmail.nl;"Die goldene Gans";1446129000;418269087
sfv;sdv;sdv;308815853;
;dv;sdv;774634920
;;;684811129
;;;239920627
;;;172903808
asd;asd;asd;62852570
asd;asd;asd;263878666
asdasd;asdasdadfa;asfadfad;105309398
csdfafdasd;asdasd;asdasda;876719059
